,precision,precision,precision,recall,recall,recall,f1,f1,f1
,mean,std,count,mean,std,count,mean,std,count
label,,,,,,,,,
correct,0.2225,0.3245453409965595,20,0.21000000000000002,0.2527278081835075,20,0.20504329004329006,0.26462507291916804,20
incomplete,0.14583333333333331,0.21267407730585017,20,0.16999999999999998,0.23863647755750297,20,0.1553846153846154,0.22145297495934255,20
incorrect,0.125,0.31933318682925255,20,0.075,0.1831737742662616,20,0.09166666666666666,0.22604533002933322,20
