label,cosine_similarity_mean,cosine_similarity_std,jaccard_similarity_mean,jaccard_similarity_std,logic_f1_mean,logic_f1_std
correct,0.8185271422068278,0.0887890164791948,0.306351986988938,0.0778063621842027,0.1,
incomplete,0.7698611683315701,0.0720065777335087,0.2542599505903427,0.0443435674914788,0.0555555555555555,
incorrect,0.7039927509095933,0.1054279498453738,0.2110762436744038,0.0651860469673917,0.0,
