label,cosine_similarity_mean,cosine_similarity_std,jaccard_similarity_mean,jaccard_similarity_std,logic_f1_mean,logic_f1_std
correct,0.7919128954410553,0.1058731645172246,0.3556624676186796,0.1065298544816842,0.1953846153846154,0.3269245852152235
incomplete,0.7669228613376617,0.1106891780805889,0.3238705168438653,0.0723486350280532,0.1399999999999999,0.3272783388968954
incorrect,0.6377307564020157,0.1923367923900654,0.1793403313790366,0.0684973939395172,0.04,0.1264911064067351
