label,mean,std,count
correct,0.7919128954410553,0.1058731645172246,10
incomplete,0.7669228613376617,0.11068917808058891,10
incorrect,0.6377307564020157,0.19233679239006546,10
