explanation_label,mean,std,count
correct,0.2,0.34960294939005054,10
incomplete,0.15,0.3374742788552764,10
incorrect,0.0,0.0,10
