label,cosine_similarity_mean,cosine_similarity_std,jaccard_similarity_mean,jaccard_similarity_std,logic_f1_mean,logic_f1_std
correct,0.7896484632206999,0.1068514297013327,0.3324567173444129,0.1067436201929257,0.0599292615596963,0.1676975706654767
incomplete,0.7414680116850397,0.1311363896874721,0.2926616522551653,0.10507404735413,0.0300724637681159,0.1217555531206649
incorrect,0.6581798798364141,0.1577832205702232,0.1969595559602625,0.0773616032643278,0.0244565217391304,0.10521943716348
