,precision,precision,precision,recall,recall,recall,f1,f1,f1
,mean,std,count,mean,std,count,mean,std,count
label,,,,,,,,,
correct,0.2222222222222222,0.2763853991962833,9,0.25925925925925924,0.35464292596676955,9,0.23703703703703705,0.305252374840359,9
incomplete,0.2222222222222222,0.3333333333333333,9,0.287037037037037,0.42309850588132825,9,0.23544973544973546,0.3434775398155937,9
incorrect,0.2222222222222222,0.26352313834736496,9,0.23148148148148145,0.3430302509785686,9,0.2111111111111111,0.26562295750848713,9
