,precision,precision,precision,recall,recall,recall,f1,f1,f1
,mean,std,count,mean,std,count,mean,std,count
label,,,,,,,,,
correct,0.2916666666666667,0.3284212540237959,48,0.26944444444444443,0.28532535726020897,48,0.2645502645502646,0.2718877309337315,48
incomplete,0.2553191489361702,0.32200133493172145,47,0.19822695035460994,0.23509259257572482,47,0.21296859169199595,0.24862969048148306,47
incorrect,0.07465277777777778,0.20138379385419267,48,0.05902777777777777,0.14783537955572257,48,0.0642857142857143,0.1636564162778035,48
