label,accuracy,total
correct,0.8297872340425532,94
incomplete,0.010638297872340425,94
incorrect,0.9574468085106383,94
