label,mean,std,count
correct,0.30635198698893806,0.07780636218420273,9
incomplete,0.25425995059034273,0.04434356749147885,9
incorrect,0.2110762436744038,0.06518604696739176,9
