label,mean,std,count
correct,0.7665971517562866,0.1499714880183825,10
incomplete,0.7047797977924347,0.153768965129857,10
incorrect,0.6689556181430817,0.1680762405458637,10
