label,mean,std,count
correct,0.7896484632206999,0.1068514297013327,92
incomplete,0.7414680116850397,0.1311363896874721,92
incorrect,0.6581798798364141,0.15778322057022323,92
