label,mean,std,count
correct,0.7962291529203983,0.11317882636975136,94
incomplete,0.7640982632355023,0.125907127703583,93
incorrect,0.6763113407378502,0.14753560631481535,94
