explanation_label,mean,std,count
correct,0.0775,0.2093064990063992,20
incomplete,0.07142857142857142,0.16222142113076254,20
incorrect,0.0,0.0,20
