label,accuracy,total
correct,0.8804347826086957,92
incomplete,0.010869565217391304,92
incorrect,0.9891304347826086,92
