label,accuracy,total
correct,0.010869565217391304,92
incomplete,0.06521739130434782,92
incorrect,0.9456521739130435,92
