label,cosine_similarity_mean,cosine_similarity_std,jaccard_similarity_mean,jaccard_similarity_std,logic_f1_mean,logic_f1_std
correct,0.7919128954410553,0.1058731645172246,0.3556624676186796,0.1065298544816842,0.0971428571428571,
incomplete,0.7669228613376617,0.1106891780805889,0.3238705168438653,0.0723486350280532,0.0971428571428571,
incorrect,0.6377307564020157,0.1923367923900654,0.1793403313790366,0.0684973939395172,0.0,
