label,cosine_similarity_mean,cosine_similarity_std,jaccard_similarity_mean,jaccard_similarity_std,logic_f1_mean,logic_f1_std
correct,0.7929076820611953,0.1154643693228646,0.3078562128057888,0.0911649981670816,0.0775,0.2093064990063992
incomplete,0.7122775673866272,0.1720084365121246,0.2677109774405255,0.1000165287296353,0.0714285714285714,0.1622214211307625
incorrect,0.660890343785286,0.1226243111219855,0.190086821058331,0.0687078825323583,0.0,0.0
