label,mean,std,count
correct,0.8185270362430148,0.08878886280956627,9
incomplete,0.7698612610499064,0.07200657453763853,9
incorrect,0.7039926449457804,0.10542797004744273,9
