,precision,precision,precision,recall,recall,recall,f1,f1,f1
,mean,std,count,mean,std,count,mean,std,count
label,,,,,,,,,
correct,0.3037037037037037,0.3529417816504132,9,0.4166666666666667,0.4677071733467427,9,0.33418803418803417,0.3774155164508432,9
incomplete,0.3611111111111111,0.4166666666666667,9,0.3611111111111111,0.4166666666666667,9,0.3611111111111111,0.4166666666666667,9
incorrect,0.3333333333333333,0.5,9,0.2222222222222222,0.36324157862838946,9,0.25925925925925924,0.40061680838488767,9
