label,mean,std,count
correct,0.3324567173444129,0.10674362019292573,92
incomplete,0.2926616522551653,0.10507404735413,92
incorrect,0.19695955596026254,0.07736160326432785,92
