explanation_label,mean,std,count
correct,0.05992926155969634,0.1676975706654767,92
incomplete,0.030072463768115943,0.12175555312066497,92
incorrect,0.024456521739130436,0.10521943716348005,92
