,precision,precision,precision,recall,recall,recall,f1,f1,f1
,mean,std,count,mean,std,count,mean,std,count
explanation_label,,,,,,,,,
correct,0.2,0.34960294939005054,10,0.2,0.34960294939005054,10,0.2,0.34960294939005054,10
incomplete,0.15,0.3374742788552764,10,0.15,0.3374742788552764,10,0.15,0.3374742788552764,10
incorrect,0.05,0.15811388300841897,10,0.05,0.15811388300841897,10,0.05,0.15811388300841897,10
