,precision,precision,precision,recall,recall,recall,f1,f1,f1
,mean,std,count,mean,std,count,mean,std,count
label,,,,,,,,,
correct,0.2625886524822695,0.280602336532857,94,0.324290780141844,0.3291100277356117,94,0.27296227968943865,0.26639376167869055,94
incomplete,0.24551971326164873,0.3094636526711248,93,0.24301075268817207,0.30543904588753584,93,0.23475849121010411,0.2846552856813572,93
incorrect,0.200354609929078,0.3679025986903109,94,0.11436170212765957,0.20079889818900273,94,0.14113475177304963,0.24903280202700523,94
