,precision,precision,precision,recall,recall,recall,f1,f1,f1
,mean,std,count,mean,std,count,mean,std,count
label,,,,,,,,,
correct,0.3,0.39907299991262163,10,0.22333333333333333,0.24090877326705443,10,0.243030303030303,0.27920405183478836,10
incomplete,0.275,0.34258007985157446,10,0.17333333333333334,0.20834444414816394,10,0.20746031746031748,0.24834160620396672,10
incorrect,0.1,0.31622776601683794,10,0.05,0.15811388300841897,10,0.06666666666666667,0.21081851067789192,10
