,precision,precision,precision,recall,recall,recall,f1,f1,f1
,mean,std,count,mean,std,count,mean,std,count
label,,,,,,,,,
correct,0.26666666666666666,0.2101586702153082,9,0.3425925925925926,0.3292574886424916,9,0.27863247863247864,0.21678042833507535,9
incomplete,0.12037037037037036,0.19144512155680865,9,0.19444444444444445,0.34860834438919813,9,0.14629629629629629,0.24349563334234584,9
incorrect,0.09259259259259259,0.188398055086813,9,0.08333333333333333,0.1767766952966369,9,0.08730158730158731,0.18132793109199782,9
